{
    "joint_names_reference": [
      "idx01_body_joint1",
      "idx02_body_joint2",
      "idx03_body_joint3",
      "idx04_body_joint4",
      "idx05_body_joint5",
      "idx12_head_joint2",
      "idx13_head_joint3",
      "idx11_head_joint1",
      "idx21_arm_l_joint1",
      "idx22_arm_l_joint2",
      "idx23_arm_l_joint3",
      "idx24_arm_l_joint4",
      "idx25_arm_l_joint5",
      "idx26_arm_l_joint6",
      "idx27_arm_l_joint7",
      "idx61_arm_r_joint1",
      "idx62_arm_r_joint2",
      "idx63_arm_r_joint3",
      "idx64_arm_r_joint4",
      "idx65_arm_r_joint5",
      "idx66_arm_r_joint6",
      "idx67_arm_r_joint7"
    ],
    "recorded_commands": [
      {
        "index": 1,
        "joint_names": [
          "idx01_body_joint1",
          "idx02_body_joint2",
          "idx03_body_joint3",
          "idx04_body_joint4",
          "idx05_body_joint5",
          "idx12_head_joint2",
          "idx13_head_joint3",
          "idx11_head_joint1",
          "idx21_arm_l_joint1",
          "idx22_arm_l_joint2",
          "idx23_arm_l_joint3",
          "idx24_arm_l_joint4",
          "idx25_arm_l_joint5",
          "idx26_arm_l_joint6",
          "idx27_arm_l_joint7",
          "idx61_arm_r_joint1",
          "idx62_arm_r_joint2",
          "idx63_arm_r_joint3",
          "idx64_arm_r_joint4",
          "idx65_arm_r_joint5",
          "idx66_arm_r_joint6",
          "idx67_arm_r_joint7"
        ],
        "joint_positions": [
          -0.3383809930722983,
          1.3911997741630304,
          0.0,
          0.0,
          0.001054445020905179,
          -0.0027799005096591084,
          0.0,
          0.0,
          0.02629828300085534,
          0.07485831238308972,
          0.012331407900864752,
          0.023117210315685668,
          0.029261043055665768,
          -0.01769135248978548,
          0.014138629016592522,
          0.015301907767593223,
          0.1031560135065925,
          0.01681051195924177,
          0.05007572424028528,
          3.163835375014135e-05,
          0.060465088495237,
          0.05037149491094947
        ]
      },
      {
        "index": 2,
        "joint_names": [
          "idx01_body_joint1",
          "idx02_body_joint2",
          "idx03_body_joint3",
          "idx04_body_joint4",
          "idx05_body_joint5",
          "idx12_head_joint2",
          "idx13_head_joint3",
          "idx11_head_joint1",
          "idx21_arm_l_joint1",
          "idx22_arm_l_joint2",
          "idx23_arm_l_joint3",
          "idx24_arm_l_joint4",
          "idx25_arm_l_joint5",
          "idx26_arm_l_joint6",
          "idx27_arm_l_joint7",
          "idx61_arm_r_joint1",
          "idx62_arm_r_joint2",
          "idx63_arm_r_joint3",
          "idx64_arm_r_joint4",
          "idx65_arm_r_joint5",
          "idx66_arm_r_joint6",
          "idx67_arm_r_joint7"
        ],
        "joint_positions": [
          -0.08838099307229834,
          0.008800225836970252,
          0.0,
          0.0002520523697627647,
          0.001054445020905179,
          -0.0027799005096591084,
          0.0,
          0.0,
          0.02629828300085534,
          0.07485831238308972,
          0.012331407900864752,
          0.023117210315685668,
          0.029261043055665768,
          -0.01769135248978548,
          0.014138629016592522,
          0.015301907767593223,
          0.1031560135065925,
          0.01681051195924177,
          0.05007572424028528,
          3.163835375014135e-05,
          0.060465088495237,
          0.05037149491094947
        ]
      }
    ]
  }