{
  "1": {
    "position": [
      0.185261,
      0.406046,
      0.003848
    ],
    "orientation": [
      -0.000348,
      -4.3e-05,
      0.013894,
      0.999903
    ],
    "loc_state": 1,
    "loc_confidence": 80
  },
  "2": {
    "position": [
      -0.758743,
      -6.222107,
      0.014117
    ],
    "orientation": [
      -0.004988,
      -0.001072,
      0.897476,
      0.441033
    ],
    "loc_state": 1,
    "loc_confidence": 80
  },
  "3": {
    "position": [
      0.173745,
      0.383164,
      0.003038
    ],
    "orientation": [
      -6e-06,
      -4.7e-05,
      -0.034734,
      0.999397
    ],
    "loc_state": 1,
    "loc_confidence": 80
  }
}